ids,y,LB,DFT_Rank,Pred,GNN_Rank
1_1,74.6508415,1,1.0,80.19273,1.0
1_2,68.9009965,1,3.0,51.549774,2.0
1_3,68.9902635,1,2.0,51.46904,3.0
10_1,156.868374,10,1.0,118.36111,2.0
10_2,156.5611905,10,2.0,122.9276,1.0
100_1,79.983232,100,1.0,72.40786,1.0
101_1,77.000664,101,1.0,76.73303,1.0
102_1,83.6405535,102,1.0,75.33228,1.0
103_1,81.4246315,103,1.0,81.439415,1.0
104_1,82.424947,104,1.0,82.74776,1.0
105_1,82.8371505,105,1.0,79.846756,1.0
106_1,83.989745,106,1.0,95.95493,1.0
107_1,82.067879,107,1.0,73.535736,1.0
108_1,81.962859,108,1.0,77.42919,1.0
109_1,83.469896,109,1.0,73.70042,1.0
11_1,163.6447895,11,1.0,130.0844,1.0
110_1,84.367817,110,1.0,72.87679,1.0
111_1,83.275609,111,1.0,74.9162,1.0
112_1,83.9136055,112,1.0,76.56082,1.0
113_1,82.834525,113,1.0,78.522156,1.0
114_1,82.855529,114,1.0,79.56125,1.0
115_1,85.9352405,115,1.0,75.46773,1.0
116_1,79.321606,116,1.0,80.875244,1.0
117_1,81.0885675,117,1.0,83.02855,1.0
118_1,82.797768,118,1.0,80.697266,1.0
119_1,89.7369645,119,1.0,85.458466,1.0
12_1,82.7636365,12,1.0,126.85341,1.0
120_1,76.696106,120,1.0,81.60782,1.0
121_1,83.716693,121,1.0,81.41684,1.0
122_1,73.755546,122,1.0,80.34438,1.0
123_1,74.30165,123,1.0,67.85447,1.0
124_1,85.5676705,124,1.0,86.76395,1.0
125_1,86.499723,125,1.0,85.63925,1.0
126_1,86.3868265,126,1.0,82.265945,1.0
127_1,85.454774,127,1.0,80.9294,1.0
128_1,84.394072,128,1.0,80.95768,1.0
129_1,85.727826,129,1.0,95.62755,1.0
13_1,85.5309135,13,1.0,95.60127,1.0
130_1,87.177102,130,1.0,76.09097,1.0
131_1,85.9037345,131,1.0,79.90243,1.0
132_1,82.472206,132,1.0,83.45343,1.0
133_1,84.2759245,133,1.0,81.70059,1.0
134_1,85.1003315,134,1.0,87.36458,1.0
135_1,84.5227215,135,1.0,78.70732,1.0
136_1,86.5863645,136,1.0,79.451065,1.0
137_1,80.387559,137,1.0,76.74977,1.0
138_1,84.9112955,138,1.0,77.33372,1.0
139_1,75.887452,139,1.0,70.36108,1.0
139_2,42.475339,139,2.0,47.16702,2.0
139_3,42.338813,139,3.0,47.152138,3.0
14_1,96.0801725,14,1.0,92.10013,1.0
140_1,77.851326,140,1.0,83.699,1.0
140_2,59.9532925,140,2.0,72.32951,2.0
141_1,79.363614,141,1.0,88.81342,1.0
142_1,79.830953,142,1.0,88.60344,1.0
144_1,78.1375055,144,2.0,134.28183,1.0
144_2,7.356651,144,3.0,61.141068,3.0
144_3,84.919172,144,1.0,83.66023,2.0
145_1,-0.5644825,145,3.0,23.11673,3.0
145_2,54.899205,145,2.0,61.520786,2.0
145_3,84.499092,145,1.0,80.71336,1.0
146_1,84.3284345,146,1.0,78.849945,1.0
147_1,45.3135045,147,2.0,55.173306,2.0
147_2,87.444903,147,1.0,91.476746,1.0
148_1,88.89943,148,1.0,95.58158,1.0
149_1,87.465907,149,1.0,92.02157,1.0
15_1,98.03617,15,1.0,83.21193,1.0
15_2,50.8428075,15,2.0,48.79057,2.0
150_1,88.400585,150,1.0,91.2242,1.0
151_1,90.1097855,151,1.0,90.91551,1.0
152_1,90.3775865,152,1.0,89.334984,1.0
153_1,59.693368,153,1.0,86.29297,1.0
153_2,39.891847,153,3.0,40.314606,2.0
153_3,40.1727755,153,2.0,39.49709,3.0
154_1,71.891441,154,1.0,79.828156,1.0
154_2,39.9207275,154,3.0,39.688576,2.0
154_3,39.933855,154,2.0,39.570747,3.0
155_1,70.384404,155,1.0,79.33513,1.0
155_2,38.9913005,155,2.0,42.728077,3.0
155_3,38.8075155,155,3.0,42.884377,2.0
156_1,72.5871985,156,1.0,84.75404,1.0
156_2,53.591706,156,2.0,47.401115,2.0
157_1,65.0730175,157,1.0,78.323616,1.0
158_1,83.1994695,158,1.0,88.67234,1.0
159_1,65.6086195,159,1.0,88.767166,1.0
16_1,97.0673605,16,1.0,97.24733,1.0
160_1,18.047687,160,3.0,17.641356,3.0
160_2,52.011155,160,2.0,65.777054,2.0
160_3,78.623223,160,1.0,81.30156,1.0
161_1,67.89543,161,1.0,88.95169,1.0
162_1,85.9037345,162,1.0,82.96837,1.0
163_1,76.895644,163,2.0,82.831436,1.0
163_2,76.9507795,163,1.0,82.07482,2.0
164_1,87.6628195,164,1.0,87.483795,1.0
165_1,46.1431625,165,2.0,43.00841,2.0
165_2,82.4407,165,1.0,91.546005,1.0
166_1,80.503081,166,1.0,86.32594,1.0
167_1,80.0226145,167,1.0,85.673065,1.0
168_1,82.9631745,168,1.0,85.09251,1.0
169_1,91.740221,169,1.0,90.20416,1.0
17_1,97.841883,17,1.0,102.647064,1.0
170_1,84.2969285,170,1.0,87.73726,1.0
171_1,85.202726,171,1.0,80.19917,1.0
172_1,86.709763,172,1.0,83.07548,1.0
173_1,95.006343,173,1.0,85.99316,1.0
173_2,40.915792,173,2.0,42.116642,2.0
174_1,96.5947705,174,1.0,82.67531,1.0
174_2,41.0759475,174,2.0,41.042557,2.0
175_1,40.3513095,175,2.0,44.88127,2.0
175_2,91.908253,175,1.0,82.82089,1.0
176_1,83.4725215,176,2.0,91.541275,2.0
176_2,106.049196,176,1.0,111.555786,1.0
177_1,93.0450945,177,1.0,93.98187,1.0
178_1,93.0503455,178,1.0,90.10469,1.0
179_1,92.433353,179,1.0,92.55931,1.0
18_1,103.9514215,18,1.0,95.86789,1.0
180_1,91.251878,180,1.0,91.67464,1.0
181_1,92.895441,181,1.0,93.7625,1.0
182_1,96.0591685,182,1.0,84.4147,1.0
183_1,94.213442,183,1.0,81.2695,1.0
184_1,94.9249525,184,1.0,81.77766,1.0
185_1,94.7516695,185,1.0,91.215576,1.0
186_1,99.805757,186,1.0,96.762146,1.0
187_1,100.3439845,187,1.0,95.717926,1.0
188_1,74.6193355,188,1.0,74.62154,1.0
188_2,49.1309815,188,2.0,63.678043,2.0
189_1,20.410637,189,3.0,24.656746,3.0
189_2,48.114913,189,2.0,54.722046,2.0
189_3,82.7373815,189,1.0,81.610695,1.0
19_1,97.295779,19,2.0,98.33851,2.0
19_2,107.5168505,19,1.0,115.38368,1.0
190_1,87.681198,190,1.0,76.54942,1.0
191_1,88.8600475,191,1.0,77.224655,1.0
192_1,90.679519,192,1.0,81.52658,1.0
192_2,52.7226655,192,2.0,56.48943,2.0
193_1,93.278764,193,1.0,84.673935,1.0
193_2,43.278742,193,2.0,36.95192,3.0
193_3,21.8835425,193,3.0,36.974648,2.0
194_1,94.292207,194,1.0,79.52921,1.0
194_2,57.004856,194,2.0,49.80906,2.0
195_1,23.692512,195,3.0,25.897514,3.0
195_2,74.5563235,195,2.0,79.60817,2.0
195_3,96.350599,195,1.0,101.652664,1.0
196_1,92.5147435,196,1.0,88.88466,1.0
197_1,97.24852,197,1.0,80.65416,1.0
197_2,17.139264,197,3.0,57.662422,3.0
197_3,53.659969,197,2.0,63.11442,2.0
198_1,99.2937845,198,1.0,84.75669,1.0
199_1,64.975874,199,2.0,76.34816,2.0
199_2,19.8724095,199,3.0,67.39503,3.0
199_3,96.9413365,199,1.0,92.095894,1.0
2_1,83.3307445,2,1.0,80.493935,1.0
2_2,72.999402,2,2.0,71.87203,2.0
20_1,110.6096895,20,1.0,98.30333,1.0
200_1,99.737494,200,1.0,81.584915,1.0
201_1,73.0230315,201,2.0,80.74324,2.0
201_2,97.427054,201,1.0,97.01712,1.0
202_1,101.4939535,202,1.0,84.42159,1.0
203_1,101.1526385,203,1.0,87.654724,1.0
204_1,102.6281695,204,1.0,81.61185,1.0
205_1,104.1982185,205,1.0,88.87239,1.0
206_1,45.0929625,206,2.0,60.20159,2.0
206_2,107.887046,206,1.0,94.24942,1.0
207_1,100.745686,207,1.0,89.618675,1.0
208_1,42.176032,208,2.0,41.84026,2.0
208_2,108.8033455,208,1.0,98.93193,1.0
209_1,34.903397,209,2.0,34.884468,2.0
209_2,110.370769,209,1.0,92.55953,1.0
21_1,112.8886235,21,1.0,117.06267,1.0
210_1,39.272229,210,2.0,37.30233,2.0
210_2,113.8338035,210,1.0,99.59927,1.0
211_1,127.4548975,211,1.0,78.91088,1.0
211_2,2.184416,211,2.0,46.978825,2.0
212_1,133.889998,212,1.0,99.007965,1.0
212_2,28.2162485,212,2.0,45.378292,2.0
213_1,44.3420695,213,2.0,60.374313,2.0
213_2,138.085547,213,1.0,99.656906,1.0
214_1,137.2427615,214,1.0,99.644966,1.0
214_2,61.321178,214,3.0,48.400856,3.0
214_3,76.9350265,214,2.0,94.400246,2.0
215_1,80.3691805,215,2.0,87.16744,2.0
215_2,8.5722575,215,3.0,49.39408,3.0
215_3,135.7304735,215,1.0,102.81894,1.0
216_1,136.57851,216,1.0,107.10161,1.0
216_2,48.839551,216,2.0,57.670513,2.0
217_1,134.4754845,217,1.0,95.282646,1.0
217_2,57.8896495,217,3.0,47.696777,3.0
217_3,58.0261755,217,2.0,64.69171,2.0
218_1,146.7313185,218,1.0,143.36276,1.0
218_2,61.0087435,218,3.0,93.53446,3.0
218_3,135.817115,218,2.0,98.23204,2.0
219_1,42.5672315,219,2.0,52.548843,2.0
219_2,135.150238,219,1.0,108.542984,1.0
22_1,38.5239615,22,2.0,44.43226,2.0
22_2,119.728051,22,1.0,113.50217,1.0
220_1,70.9068785,220,2.0,60.32886,2.0
220_2,138.300838,220,1.0,101.991806,1.0
221_1,35.685796,221,2.0,58.421944,2.0
221_2,140.4563735,221,1.0,98.95256,1.0
222_1,141.2177685,222,1.0,106.42943,1.0
222_2,100.252092,222,2.0,52.208923,2.0
223_1,140.5193855,223,1.0,104.695175,1.0
223_2,55.2851535,223,2.0,55.856018,2.0
224_1,138.652655,224,1.0,104.53518,1.0
224_2,56.2670905,224,2.0,51.934574,2.0
225_1,62.103577,225,2.0,63.836494,2.0
225_2,141.635223,225,1.0,105.908676,1.0
226_1,137.6418375,226,1.0,90.19716,1.0
226_2,54.3924835,226,2.0,52.049606,2.0
227_1,78.192641,227,1.0,73.29729,1.0
228_1,75.7903085,228,1.0,69.82701,1.0
229_1,69.953822,229,1.0,71.62751,1.0
23_1,110.869614,23,1.0,106.23551,1.0
23_2,52.7279165,23,2.0,48.762444,2.0
230_1,43.11071,230,2.0,35.53737,2.0
230_2,43.016192,230,3.0,35.53522,3.0
230_3,79.153574,230,1.0,82.959366,1.0
231_1,55.545078,231,1.0,71.19259,1.0
232_1,40.910541,232,2.0,34.407238,2.0
232_2,40.584979,232,3.0,34.292896,3.0
232_3,84.105267,232,1.0,99.82483,1.0
232_4,14.2695925,232,4.0,25.515257,4.0
233_1,88.6500075,233,1.0,111.24491,1.0
233_2,15.3933065,233,2.0,28.87246,2.0
234_1,91.582691,234,1.0,104.304306,1.0
234_2,12.649659,234,2.0,28.339825,2.0
235_1,91.225623,235,1.0,88.389175,1.0
236_1,48.829049,236,2.0,42.494354,2.0
236_2,90.653264,236,1.0,92.55676,1.0
237_1,41.650932,237,2.0,47.87005,2.0
237_2,96.1956945,237,1.0,102.050896,1.0
237_3,15.64798,237,3.0,32.26892,3.0
238_1,83.54341,238,1.0,88.41758,1.0
239_1,41.572167,239,2.0,51.549652,2.0
239_2,77.3025965,239,1.0,85.939575,1.0
24_1,113.069783,24,2.0,106.030426,1.0
24_2,113.122293,24,1.0,105.23642,2.0
240_1,124.375186,240,1.0,112.48888,1.0
240_2,9.2916445,240,2.0,55.668816,2.0
241_1,100.7168055,241,2.0,53.276917,2.0
241_2,55.891644,241,3.0,40.621597,4.0
241_3,38.3559295,241,4.0,43.147614,3.0
241_4,120.599717,241,1.0,92.81096,1.0
242_1,49.6875875,242,2.0,37.641693,2.0
242_2,36.657231,242,3.0,33.999565,3.0
242_3,130.9783185,242,1.0,109.695786,1.0
243_1,18.257727,243,2.0,19.546108,2.0
243_2,61.01662,243,1.0,68.82136,1.0
244_1,15.6926135,244,2.0,22.561703,2.0
244_2,63.48459,244,1.0,68.975174,1.0
245_1,58.70618,245,1.0,65.50285,1.0
245_2,20.011561,245,2.0,55.5709,2.0
246_1,16.125821,246,2.0,19.265865,2.0
246_2,55.8575125,246,1.0,60.91366,1.0
247_1,16.8320805,247,2.0,20.1316,2.0
247_2,52.35247,247,1.0,66.108795,1.0
248_1,14.734306,248,2.0,24.935259,2.0
248_2,60.6411735,248,1.0,77.79123,1.0
249_1,21.618367,249,2.0,21.21609,2.0
249_2,65.5456075,249,1.0,71.41467,1.0
25_1,113.626389,25,1.0,90.199295,1.0
25_2,50.897943,25,2.0,47.61408,2.0
250_1,21.16153,250,2.0,21.10662,2.0
250_2,65.0992725,250,1.0,68.18956,1.0
251_1,19.628238,251,2.0,24.41612,2.0
251_2,68.3076335,251,1.0,78.29103,1.0
252_1,19.9879315,252,3.0,25.494268,3.0
252_2,64.8419735,252,1.0,62.742405,1.0
252_3,21.4424585,252,2.0,28.826117,2.0
253_1,26.769598,253,3.0,29.232443,3.0
253_2,71.271823,253,1.0,77.800766,1.0
253_3,41.188844,253,2.0,49.70672,2.0
254_1,19.1425205,254,2.0,20.271217,3.0
254_2,62.4580195,254,1.0,57.699528,1.0
254_3,19.1215165,254,3.0,21.366451,2.0
255_1,20.893729,255,3.0,24.548323,3.0
255_2,49.684962,255,1.0,44.82813,1.0
255_3,20.9331115,255,2.0,24.575195,2.0
256_1,21.198287,256,2.0,22.311653,2.0
256_2,64.8629775,256,1.0,58.445057,1.0
257_1,26.1473545,257,2.0,28.39352,3.0
257_2,54.5027545,257,1.0,59.212624,1.0
257_3,25.7430275,257,3.0,29.016804,2.0
258_1,26.932379,258,2.0,29.081465,2.0
258_2,68.136976,258,1.0,63.053684,1.0
259_1,21.2324185,259,2.0,22.892693,2.0
259_2,74.7768655,259,1.0,79.73925,1.0
26_1,120.484195,26,1.0,116.581184,1.0
260_1,22.637061,260,2.0,21.884502,2.0
260_2,59.7169975,260,1.0,61.76658,1.0
261_1,77.8066925,261,1.0,77.633804,1.0
261_2,33.0786745,261,2.0,27.719337,2.0
262_1,27.6858975,262,2.0,25.98338,2.0
262_2,77.8014415,262,1.0,82.75863,1.0
263_1,10.727793,263,2.0,14.008229,2.0
263_2,64.6109295,263,1.0,56.256504,1.0
264_1,9.7432305,264,2.0,19.455002,2.0
264_2,61.741258,264,1.0,66.49162,1.0
265_1,13.316536,265,2.0,26.160812,2.0
265_2,65.311938,265,1.0,58.675358,1.0
266_1,11.294901,266,3.0,13.133326,3.0
266_2,70.9961455,266,1.0,52.13508,1.0
266_3,40.894788,266,2.0,49.37751,2.0
267_1,62.1954695,267,2.0,47.297455,2.0
267_2,85.533539,267,1.0,83.233376,1.0
267_3,32.157124,267,3.0,47.156536,3.0
268_1,24.7033295,268,3.0,40.28173,3.0
268_2,87.707453,268,1.0,98.618675,1.0
268_3,64.944368,268,2.0,60.26555,2.0
269_1,-14.471756,269,2.0,46.03712,2.0
269_2,96.0591685,269,1.0,77.89019,1.0
27_1,118.1816315,27,1.0,107.95387,1.0
270_1,49.2254995,270,2.0,46.593742,2.0
270_2,99.532705,270,1.0,101.464645,1.0
271_1,33.370105,271,3.0,30.34059,4.0
271_2,100.341359,271,1.0,104.88429,1.0
271_3,19.649242,271,4.0,38.43057,2.0
271_4,42.3099325,271,2.0,38.29755,3.0
272_1,34.3966755,272,2.0,31.838238,2.0
272_2,90.6768935,272,1.0,98.29414,1.0
273_1,39.6529265,273,2.0,32.21616,2.0
273_2,94.2318205,273,1.0,103.67911,1.0
274_1,77.425995,274,3.0,73.9082,2.0
274_2,77.5283895,274,2.0,73.51181,3.0
274_3,102.34199,274,1.0,96.56802,1.0
275_1,39.0805675,275,2.0,31.733166,2.0
275_2,106.338001,275,1.0,104.51587,1.0
276_1,16.461885,276,2.0,33.372116,2.0
276_2,105.907419,276,1.0,102.243866,1.0
277_1,41.4120115,277,2.0,32.12796,2.0
277_2,106.931364,277,1.0,103.737274,1.0
278_1,108.7770905,278,1.0,106.80522,1.0
278_2,41.7165695,278,2.0,34.799107,2.0
279_1,48.330204,279,2.0,38.14342,3.0
279_2,101.843145,279,1.0,110.95586,1.0
279_3,45.9173695,279,3.0,51.773567,2.0
28_1,117.5620135,28,1.0,114.902115,1.0
280_1,66.309628,280,2.0,60.05645,2.0
280_2,116.5748255,280,1.0,108.66922,1.0
280_3,64.84985,280,3.0,60.028114,3.0
281_1,40.4773335,281,3.0,44.27146,3.0
281_2,115.963084,281,1.0,98.911995,1.0
281_3,98.640035,281,2.0,91.37669,2.0
282_1,40.4510785,282,2.0,31.584208,2.0
282_2,110.890618,282,1.0,101.239235,1.0
283_1,95.8963875,283,1.0,106.750916,1.0
283_2,60.869592,283,2.0,58.158684,2.0
284_1,33.0104115,284,2.0,46.553753,2.0
284_2,116.866256,284,1.0,107.834625,1.0
285_1,41.7060675,285,2.0,41.474598,2.0
285_2,120.557709,285,1.0,118.721466,1.0
286_1,77.194951,286,2.0,67.132484,2.0
286_2,73.3590955,286,3.0,66.338715,3.0
286_3,117.83244,286,1.0,106.22612,1.0
287_1,57.4170595,287,2.0,55.35356,2.0
287_2,111.809543,287,1.0,110.21659,1.0
288_1,52.7384185,288,2.0,43.0893,2.0
288_2,96.9728425,288,1.0,103.45064,1.0
289_1,34.819381,289,2.0,15.886142,2.0
289_2,111.3710845,289,1.0,103.05344,1.0
29_1,119.3578555,29,1.0,113.35795,1.0
290_1,44.334193,290,2.0,35.91283,2.0
290_2,115.595514,290,1.0,121.11705,1.0
291_1,111.6388855,291,1.0,98.20115,1.0
291_2,44.8356635,291,2.0,19.843536,2.0
292_1,14.7316805,292,2.0,26.148094,2.0
292_2,121.865208,292,1.0,109.606,1.0
293_1,102.194962,293,2.0,111.60327,2.0
293_2,120.426434,293,1.0,134.85925,1.0
293_3,47.012203,293,3.0,44.945137,4.0
293_4,46.9675695,293,4.0,44.993515,3.0
294_1,102.9117235,294,2.0,105.68468,2.0
294_2,121.996483,294,1.0,122.82875,1.0
294_3,60.8249585,294,3.0,49.01956,3.0
295_1,104.956988,295,2.0,108.28989,2.0
295_2,124.543218,295,1.0,128.00401,1.0
296_1,106.343252,296,2.0,112.67648,2.0
296_2,126.2051595,296,1.0,137.56757,1.0
297_1,118.6122135,297,2.0,113.15354,2.0
297_2,127.515284,297,1.0,137.36726,1.0
298_1,109.7380235,298,2.0,114.30277,2.0
298_2,129.0722055,298,1.0,136.63692,1.0
299_1,131.1778565,299,1.0,134.17697,1.0
299_2,110.4731635,299,2.0,112.92915,2.0
3_1,34.86664,3,3.0,34.650383,3.0
3_2,75.2547065,3,2.0,87.31377,2.0
3_3,86.3763245,3,1.0,91.69713,1.0
30_1,127.2501085,30,1.0,123.78599,1.0
300_1,112.58144,300,2.0,112.14024,2.0
300_2,123.545528,300,1.0,134.42946,1.0
300_3,83.254605,300,3.0,82.83913,3.0
301_1,142.8823355,301,1.0,146.1749,1.0
301_2,108.0892095,301,2.0,111.86116,2.0
302_1,30.293019,302,2.0,37.342026,2.0
302_2,37.3897455,302,1.0,37.345924,1.0
303_1,43.572798,303,1.0,33.747215,2.0
303_2,43.562296,303,2.0,33.789776,1.0
304_1,33.380607,304,3.0,29.062782,3.0
304_2,5.6106935,304,4.0,3.4999828,4.0
304_3,49.973767,304,1.0,53.477356,1.0
304_4,41.7165695,304,2.0,29.197216,2.0
305_1,50.173305,305,2.0,31.138004,3.0
305_2,7.0284635,305,4.0,7.6110992,4.0
305_3,55.7892495,305,1.0,46.799522,1.0
305_4,40.0992615,305,3.0,31.154324,2.0
306_1,62.6418045,306,2.0,56.60209,1.0
306_2,62.7310715,306,1.0,56.32452,2.0
307_1,71.09854,307,3.0,62.429085,1.0
307_2,72.059473,307,2.0,61.941757,3.0
307_3,72.222254,307,1.0,62.31433,2.0
307_4,55.9310265,307,4.0,58.649445,4.0
308_1,33.6615355,308,3.0,39.555313,3.0
308_2,10.1948165,308,4.0,11.123744,4.0
308_3,62.4842745,308,1.0,64.01632,1.0
308_4,47.274753,308,2.0,39.815083,2.0
309_1,105.692128,309,1.0,50.451958,1.0
309_2,23.5008505,309,2.0,27.576145,2.0
31_1,119.728051,31,1.0,111.97656,1.0
310_1,26.711837,310,2.0,34.033333,2.0
310_2,108.3412575,310,1.0,115.005066,1.0
311_1,30.6737165,311,2.0,24.598007,2.0
311_2,112.324141,311,1.0,108.57791,1.0
312_1,39.954859,312,2.0,27.78924,2.0
312_2,123.3643685,312,1.0,117.1688,1.0
313_1,33.784934,313,2.0,27.749826,2.0
313_2,119.833071,313,1.0,111.345764,1.0
314_1,78.402681,314,1.0,78.375435,1.0
314_2,29.3662175,314,3.0,24.722057,2.0
314_3,29.872939,314,2.0,22.545288,3.0
314_4,28.1427345,314,4.0,22.332825,4.0
315_1,81.8709665,315,1.0,7.839165,4.0
315_2,29.410851,315,2.0,9.925065,3.0
315_3,22.589802,315,4.0,10.961846,1.0
315_4,27.709527,315,3.0,10.830538,2.0
316_1,26.5726855,316,2.0,19.800894,2.0
316_2,22.715826,316,3.0,18.881184,3.0
316_3,65.926305,316,1.0,35.581894,1.0
317_1,22.983627,317,3.0,34.424324,2.0
317_2,34.1551295,317,2.0,32.96232,4.0
317_3,12.885954,317,4.0,33.20408,3.0
317_4,95.3345305,317,1.0,75.91377,1.0
318_1,29.0826635,318,4.0,28.495804,4.0
318_2,32.2962755,318,3.0,36.649506,3.0
318_3,34.55158,318,2.0,36.83253,2.0
318_4,85.2631125,318,1.0,59.705685,1.0
319_1,22.7394555,319,4.0,22.36651,4.0
319_2,31.316964,319,2.0,39.684807,3.0
319_3,31.2828325,319,3.0,39.820408,2.0
319_4,83.8663465,319,1.0,55.63092,1.0
32_1,128.9356795,32,1.0,128.53633,1.0
320_1,31.364223,320,3.0,29.159733,4.0
320_2,39.209217,320,2.0,36.543976,2.0
320_3,29.284827,320,4.0,30.58691,3.0
320_4,97.106743,320,1.0,65.295364,1.0
321_1,0.215291,321,3.0,30.034174,2.0
321_2,22.731579,321,2.0,31.174248,1.0
321_3,77.520513,321,1.0,27.487328,3.0
322_1,23.0650175,322,4.0,33.830494,3.0
322_2,99.7768765,322,1.0,73.385925,1.0
322_3,29.127297,322,3.0,44.306488,2.0
322_4,29.673401,322,2.0,25.487423,4.0
323_1,29.988461,323,2.0,31.109852,4.0
323_2,29.6025125,323,3.0,37.71532,3.0
323_3,29.505369,323,4.0,38.4142,2.0
323_4,86.9591855,323,1.0,79.61552,1.0
324_1,34.76162,324,4.0,36.011047,4.0
324_2,40.353935,324,2.0,36.364952,3.0
324_3,39.8262095,324,3.0,37.14609,2.0
324_4,99.6403505,324,1.0,93.01993,1.0
325_1,25.346577,325,4.0,30.510695,4.0
325_2,89.4849165,325,1.0,94.41176,1.0
325_3,36.7176175,325,3.0,31.252836,2.0
325_4,40.668995,325,2.0,30.87405,3.0
326_1,36.1610115,326,4.0,30.249773,4.0
326_2,37.728435,326,2.0,34.719345,3.0
326_3,37.6575465,326,3.0,34.826904,2.0
326_4,89.235494,326,1.0,80.72058,1.0
327_1,41.031314,327,2.0,23.429235,2.0
327_2,28.696715,327,3.0,18.192993,3.0
327_3,103.565473,327,1.0,77.20094,1.0
328_1,91.115352,328,1.0,86.534164,1.0
328_2,29.935951,328,4.0,26.908098,3.0
328_3,31.3826015,328,2.0,31.0658,2.0
328_4,31.264454,328,3.0,26.748703,4.0
329_1,35.8196965,329,2.0,24.17012,3.0
329_2,33.800687,329,3.0,24.28781,2.0
329_3,84.6067375,329,1.0,91.08705,1.0
33_1,60.7514445,33,2.0,83.77577,2.0
33_2,123.750317,33,1.0,126.56954,1.0
330_1,25.666888,330,4.0,24.578388,4.0
330_2,37.523646,330,2.0,34.843945,3.0
330_3,32.094112,330,3.0,35.162987,2.0
330_4,87.444903,330,1.0,80.6456,1.0
331_1,34.178759,331,3.0,32.293358,3.0
331_2,95.2085065,331,1.0,82.73643,1.0
331_3,24.0417035,331,4.0,28.102167,4.0
331_4,81.9392295,331,2.0,69.257675,2.0
332_1,84.2129125,332,2.0,96.24948,2.0
332_2,49.212372,332,4.0,39.960682,3.0
332_3,51.0423455,332,3.0,39.664932,4.0
332_4,107.6113685,332,1.0,113.77069,1.0
333_1,43.5544195,333,3.0,24.678371,3.0
333_2,49.0417145,333,2.0,30.676216,2.0
333_3,108.0787075,333,1.0,86.64057,1.0
334_1,40.4300745,334,2.0,28.74563,3.0
334_2,40.1990305,334,3.0,30.7217,2.0
334_3,90.5718735,334,1.0,73.702,1.0
335_1,31.8394385,335,2.0,30.15297,3.0
335_2,31.096422,335,3.0,35.783573,2.0
335_3,98.6111545,335,1.0,72.86579,1.0
336_1,72.1513655,336,2.0,95.56802,2.0
336_2,51.1788715,336,4.0,62.558983,4.0
336_3,51.507059,336,3.0,65.50627,3.0
336_4,100.2809725,336,1.0,97.51128,1.0
337_1,70.1927425,337,2.0,92.90062,2.0
337_2,54.258583,337,3.0,53.369003,4.0
337_3,44.328942,337,4.0,59.74671,3.0
337_4,103.092883,337,1.0,116.26526,1.0
338_1,123.7109345,338,1.0,20.535168,1.0
339_1,68.094968,339,4.0,64.37654,3.0
339_2,69.559997,339,3.0,64.711044,2.0
339_3,80.9887985,339,2.0,62.276764,4.0
339_4,132.16767,339,1.0,117.48859,1.0
34_1,17.580348,34,3.0,16.902447,3.0
34_2,57.3487965,34,2.0,60.47748,2.0
34_3,122.7815075,34,1.0,134.28876,1.0
340_1,57.3592985,340,3.0,81.1127,2.0
340_2,67.674888,340,2.0,80.15566,3.0
340_3,56.8184455,340,4.0,76.68811,4.0
340_4,136.3553425,340,1.0,121.20366,1.0
341_1,137.072104,341,1.0,122.750885,1.0
342_1,131.8079765,342,1.0,132.98633,1.0
343_1,76.522823,343,4.0,73.79115,3.0
343_2,94.3000835,343,2.0,73.04049,4.0
343_3,89.839359,343,3.0,74.53528,2.0
343_4,144.066436,343,1.0,118.35559,1.0
344_1,72.469051,344,1.0,66.27193,1.0
345_1,13.6919825,345,2.0,31.018728,3.0
345_2,76.3836715,345,1.0,73.230385,1.0
345_3,11.777993,345,3.0,31.419544,2.0
346_1,34.3494165,346,3.0,30.984194,3.0
346_2,36.184641,346,1.0,38.923916,1.0
346_3,27.551997,346,4.0,25.812204,4.0
346_4,35.580776,346,2.0,31.004566,2.0
347_1,22.279993,347,4.0,34.822987,3.0
347_2,39.2643525,347,1.0,52.591164,1.0
347_3,26.6304465,347,2.0,27.335377,4.0
347_4,23.5586115,347,3.0,46.304955,2.0
348_1,108.076082,348,1.0,68.64185,1.0
35_1,127.6596865,35,1.0,126.50807,1.0
36_1,17.028993,36,3.0,15.651891,3.0
36_2,54.510631,36,2.0,61.352192,2.0
36_3,123.162205,36,1.0,133.07245,1.0
37_1,70.751974,37,2.0,83.29497,2.0
37_2,123.8737155,37,1.0,133.98868,1.0
38_1,129.179851,38,1.0,122.90953,1.0
39_1,131.6819525,39,1.0,136.74384,1.0
4_1,106.148965,4,1.0,92.20932,1.0
40_1,43.6121805,40,2.0,45.897415,2.0
40_2,131.495542,40,1.0,134.93808,1.0
41_1,131.8604865,41,1.0,123.111984,1.0
42_1,135.045218,42,1.0,128.8147,1.0
43_1,135.1633655,43,1.0,133.24088,1.0
44_1,138.3979815,44,1.0,138.56503,1.0
45_1,137.5840765,45,1.0,127.97288,1.0
46_1,34.194512,46,2.0,39.55876,2.0
46_2,141.0759915,46,1.0,141.07211,1.0
47_1,109.4964775,47,2.0,94.09623,2.0
47_2,141.9844145,47,1.0,140.7186,1.0
48_1,75.8060615,48,2.0,88.160904,2.0
48_2,59.514834,48,3.0,67.92757,3.0
48_3,151.7460235,48,1.0,140.48352,1.0
49_1,85.454774,49,2.0,80.8318,2.0
49_2,158.496184,49,1.0,143.93898,1.0
5_1,110.9982635,5,1.0,93.499344,1.0
50_1,8.118046,50,2.0,11.980226,2.0
50_2,118.761867,50,1.0,79.23132,1.0
51_1,170.2242925,51,1.0,136.7201,1.0
51_2,75.4542445,51,2.0,52.712578,2.0
52_1,43.8169695,52,1.0,42.579105,1.0
53_1,49.385655,53,2.0,42.531906,2.0
53_2,50.2074365,53,1.0,43.96517,1.0
54_1,45.1507235,54,2.0,37.97935,2.0
54_2,55.996664,54,1.0,39.610832,1.0
55_1,54.1509375,55,1.0,59.875893,1.0
56_1,60.9772375,56,1.0,52.6584,1.0
57_1,13.888895,57,2.0,16.681248,2.0
57_2,56.2093295,57,1.0,53.85375,1.0
58_1,58.49614,58,1.0,45.014927,1.0
59_1,59.105256,59,1.0,51.154697,1.0
6_1,128.0482605,6,1.0,112.73517,1.0
60_1,61.3500585,60,1.0,50.81869,1.0
61_1,35.7094255,61,2.0,37.29753,2.0
61_2,64.4744035,61,1.0,53.19295,1.0
62_1,61.8121465,62,1.0,64.18335,1.0
63_1,61.5548475,63,1.0,56.744846,1.0
64_1,65.6768825,64,1.0,64.99454,1.0
65_1,61.5075885,65,1.0,62.312584,1.0
66_1,63.211538,66,1.0,59.38096,1.0
67_1,60.638548,67,1.0,65.72987,1.0
68_1,63.4872155,68,1.0,62.000954,1.0
69_1,61.17415,69,1.0,65.207634,1.0
7_1,139.2801495,7,1.0,129.78247,1.0
70_1,63.699881,70,1.0,51.548782,1.0
71_1,47.201239,71,2.0,35.562634,2.0
71_2,78.906777,71,1.0,76.859695,1.0
72_1,42.1471515,72,2.0,29.64187,2.0
72_2,81.9339785,72,1.0,82.60327,1.0
73_1,65.327691,73,1.0,68.72317,1.0
73_2,58.1364465,73,2.0,58.34557,2.0
74_1,74.312152,74,1.0,71.56446,1.0
74_2,73.298709,74,2.0,71.47841,2.0
75_1,81.8552135,75,2.0,75.143845,1.0
75_2,81.983863,75,1.0,75.143814,2.0
76_1,75.540886,76,2.0,68.3423,2.0
76_2,81.584787,76,1.0,68.790596,1.0
77_1,70.4290375,77,1.0,53.210037,1.0
78_1,92.921696,78,1.0,74.26463,1.0
79_1,88.5607405,79,1.0,73.53025,1.0
8_1,148.860599,8,1.0,148.93391,1.0
80_1,84.43608,80,1.0,77.933174,1.0
81_1,77.4023655,81,1.0,68.50604,1.0
82_1,86.0717665,82,1.0,83.51178,1.0
83_1,89.7107095,83,1.0,82.03252,1.0
84_1,93.6279555,84,1.0,81.95745,1.0
85_1,94.1898125,85,1.0,83.446,1.0
86_1,89.203988,86,1.0,88.4265,1.0
87_1,66.146847,87,1.0,67.23735,1.0
87_2,18.262978,87,3.0,33.637794,2.0
87_3,37.182331,87,2.0,33.62845,3.0
88_1,68.5544305,88,1.0,59.706154,1.0
88_2,54.5710175,88,2.0,43.662514,2.0
89_1,63.58961,89,1.0,57.995792,1.0
9_1,148.414264,9,1.0,132.19724,1.0
90_1,77.856577,90,1.0,67.9774,1.0
91_1,79.636666,91,1.0,67.92482,1.0
92_1,79.678674,92,1.0,68.40512,1.0
93_1,84.735387,93,1.0,74.7964,1.0
94_1,37.234841,94,2.0,41.340847,2.0
94_2,91.0129575,94,1.0,76.68678,1.0
95_1,82.908039,95,2.0,84.991776,2.0
95_2,106.0570725,95,1.0,97.01529,1.0
96_1,54.857197,96,1.0,77.05895,1.0
97_1,61.7018755,97,1.0,61.49137,1.0
98_1,71.8520585,98,1.0,67.34543,1.0
98_2,47.8444865,98,2.0,52.248,2.0
99_1,75.992472,99,1.0,67.61191,2.0
99_2,66.782218,99,2.0,72.038025,1.0
